AARON,ARON,ARRON,ARUN,ERON,ERUN,ERIN
ALAN,ALLAN,ALLEN,ALLYN,ALEN
ANDRE,ANDREY
ANN,ANNE
ARLENE,ARLEIN,ALENE,ARLEEN,AELENE
AUDREY,AUDRY,AUDRIE
AXEL,AXLE,AXAL,AXL
AJ,AJAY
BARY,BARRY,BERRY
BERNIE,BERNY
BERT,BURT,BRET,BART
BRIAN,BRYAN,BRAIN
BRIANT,BRYANT
BRUCE,BRUS,BURCE
CATHY,KATHY
CARY,CARRY,CARRIE,CARI,KERI,KERRY,CAREY
CATE,KATE
CHAMPE,CHAMP
CAROLINE,CAROLYN
CHARLIE,CHARLEY,CHARLY
CHAS,CHAZ,JHAS
CHRISS,CHRIS,CRIS,KRIS,CHRS
CRAIG,KRAIG,CREG
CHUK,CHUCK
CORY,CORRY,CORREY,COREY
DAREL,DARILLE,DARREL,DARRELL,DERRELL,DARRELLE,DARRILL,DARRILLE,DARRYL,DARRYLL,DARYLL,DARYL,DERRILL,DARELL
DAN,DANIEL,DANA
DAVE,DAVID,DAIVD,DVE
DON,DAWN
DERICK,DERRIC,DERRICK,DEREK,DERREK,DERYCK,DAREK
DEWEY,DEWY,DUEY,DEEWY
DUANE,DWAYNE,DWANE,DAWYNE,DEWAYNE,DWAINE,DWAYN
DWIGHT,DWYGHT
DRACULA,DRACULLA
DOUG,DUG
ELISABETH,ELIZABETH,ELISBETH,ELIZBETH,ELEZABETH,ELIZABET
ERIC,ERIK,ERICK
FRANSISCO,FRANCICO,FRANSISCO,FRANCISC
GARY,GARRY,GERRY
GIL,GILL
GLEN,GLENN
GREGG,GREG,GRAIG,GREAG
HARM,HAREM
HOWY,HOWIE
JAROD,JARED,JERED,JEROD
JAVON,JAYVON,JAVAN,JAWON,VAUGHN,JAVO,JAVONIA
JEAN,GENE,JEANNE
JERRY,GERRY,GERI,JERRE
JEFF,GEOF,JEFFREY,GEFF
JESSY,JESSIE,JESSE
JO,JOE
JOEL,JOLE,GOEL
JON,JOHN,JHON
JONNY,JOHNNY,JONNIE,JOHNY
JUSTIN,JUSTEN
JUAN,JAUN
JOANN,JOANNE,JOHANN
KYLE,KILE
KARL,CARL
KEVEN,KEVIN,KEVAN,KEIVN
LAR,LAAR,LAR,LARR,LAIR
LARRY,LARY
LAUREN,LOREN
LES,LESS
LESLIE,LESLI
LOU,LU,LEW,LUE
MARCUS,MARKUS
MARILYN,MARILYNN,MARYLIN
MARY,MARRY,MERRY,MERY
MARK,MARC,MRAK,MORK
MARKO,MARCO
MASA,MASSA
MAT,MATT
MICH,MITCH,MICHELLE,MICHEL,MICK,MITCHEL
MILO,MILLO
MIK,MIKE,MYK,MMIKE
MO,MOE
NATHEN,NATHAN
NEAL,NEIL
NIC,NICK
NIZ,NEZ,MIZ,NIV
NOAHM,NOAM
NOEL,NOAL,NOWEL,NOLL,NEOL
OLI,OLLIE,ALLI
PARRY,PERRY
PAT,PATT
PEEWE,PEEWEE
PHIL,PHILL
PIERRE,PIERE
RALF,RALPH,RAIF,ROLF,ROLPH
RAMSY,RAMSEY,RAMSAY,RAMZEY,RAMZI,RAMZEE,RAMZIE,RAMSEE,RAMSIE,RAMZY
RAFAEL,RAPHIAL,RAPHAEL,RAFEIL,RAPHIEL,RAFIAL,RAFEAL,RAPHEL
RIAN,RYAN
RIC,RICK,RIK,RICH,RICHARD
ROBBY,ROBBIE,ROBBI,ROBI
ROGER,RODGER
ROLAND,ROLLAND
ROLF,ROLFE
RUSSYL,RUSSEL
SCOT,SCOTT,SSCOTT
SONNY,SUNNY
SHAWN,SEAN,SHEAN,SHAUN,SHAYNE,SHAINE,SHAN,SHON,SHANE
SHELDON,SHELDEN,SHELDAN
SI,CY,XI
STEWART,STUART,STEUART
STEW,STU,STUW,STUE,STEU
STEVE,STEV
TIM,TTIM
TOD,TODD
TOM,THOM
THOMAS,TOMAS
TOMMY,TOMY
TONY,TONI
TY,TYE,TIGHE
VIC,VICK,VIK
VLAD,VALD,ULAD,LAD
WAYNE,WYANE
WIL,WILL
WILLIE,WILLE,WILLY
WENDEL,WENDELL,WINDEL,WINDELL
WES,WESS,WEST
ZACH,ZACK,ZAK,ZAC